Brain Region,Brain Area,Target,Method,Submethod,Model,Effect,Wake effectiveness,NREM effectiveness,REM effectiveness,Manipulation duration ( in relation to effectiveness),Rodent,Strain,Sex,Age,Sleep target,Target maturation timeline,Cognitive side effects,Metabolic side effects,Other effects,Reference,Author,Year,link,Impact factor at publication 
Forebrain,Basal Forebrain,BF,Chemogenetic,hM3Dq,chemogenetic activation of hM3Dq+ Ach neurons (BF),destabilized SWS,,,,,Mice,ChAT-IRES-Cre,,Adult,NREM,,,,,Anaclet 2015 (Harvard),Anaclet,2015,https://www.nature.com/articles/ncomms9744 ,
Forebrain,Basal Forebrain,BF,Chemogenetic,hM3Dq,chemogenetic activation of hM3Dq+ Glu neurons (BF),destabilized sleep,,,,,Mice,Vglut2-IRES-Cre,,Adult,NREM,,,,,Anaclet 2015 (Harvard),Anaclet,2015,https://www.nature.com/articles/ncomms9744 ,
Forebrain,Basal Forebrain,BF,Chemogenetic,hM3Dq,chemogenetic activation of hM3Dq+ GABA neurons (BF),Increase wake (less REM and SWS),,,,,Mice,Vgat-IRES-Cre,,Adult,Both,,,,,Anaclet 2015 (Harvard),Anaclet,2015,https://www.nature.com/articles/ncomms9744 ,
Forebrain,Hypothalamus,LH,Chemogenetic,hM3Dq,Activation of GABAergic (VGAT+) LH neurons innervating VLPO,"Promotes wake for several hours, uninterupted 4-6 hrs",,,,,Mice,Vgat-IRES-cre,,Adult,Both,"8-12 weeks, 20-25g",No,No,prominent quantitative sleep rebound observed,"Venner, A (2016)",Venner,2016,https://www.sciencedirect.com/science/article/pii/S0960982216306121,
Brainstem,Pons,SLD,Genetic,Gene casette,Conditional Knock-out Mice for vglut2,REM sleep decreased and fragmentation,,,"-38,19 %",24,Mice,Vglut2flox/flox,Male,Adult,REM,,No,No, Glu+GABA in SLD contribute to REM atonia. Glu in cLDT and SLD important for REM gen.,M Krenzer (2011),Krenzer,2011,https://doi.org/10.1371/journal.pone.0024998,
Brainstem,Medulla,VM,Optogenetic,ChR2,optogenetic activation of GABAergic neurons,12-fold increase in REM sleep. Increased probability of transitions from NREM sleep to REM sleep. Prolonged REM sleep episodes when activated during REM sleep period.,,,,,Mice,GAD2-Cre,Both,Adult,REM,6-12 weeks,,,,"F Weber, 2015",Weber,2015,https://www.nature.com/articles/nature14979 ,
Brainstem,Midbrain,VM,Optogenetic,ChR2,optogenetic activation of glutamatergic neurons,Induced wakefulness,,,,,Mice,GAD2-Cre,Both,Adult,Both,6-12 weeks,,,,"F Weber, 2015",Weber,2015,https://www.nature.com/articles/nature14979 ,
Brainstem,Midbrain,VM,Optogenetic,Arch,Optogenetic inhibition of GABAergic neurons,Caused 41% reduction of REM sleep duration,,,"-40,67 %",1,Mice,GAD2-Cre,Both,Adult,REM,6-12 weeks,,,,"F Weber, 2016",Weber,2015,https://www.nature.com/articles/nature14980,
Forebrain,Hypothalamus,DMH,Optogenetic,ChR2,Optogenetic activation of POA/RPA projecting galaninergic neurons,Supressed REM sleep and promoted NREM sleep.,,"14,80 %","-10,20 %","0,5",Mice,GAL-Cre,Both,Adult,REM,6-12 weeks,,,AAV2-EF1a-DIO–eYFP,"Chen, 2018",Chen,2018,https://doi.org/10.1016/j.neuron.2018.02.005 ,
Forebrain,Hypothalamus,DMH,Optogenetic,iC++,Optogenetic inhibition of POA/RPA projecting galaninergic neurons,Increased REM sleep and decreased NREM sleep.,,"-15,10 %","16,20 %","0,5",Mice,GAL-Cre,Both,Adult,NREM,6-12 weeks,,,,"Chen, 2018",Chen,2018,https://doi.org/10.1016/j.neuron.2018.02.005 ,
Forebrain,Hypothalamus,DMH,Optogenetic,ChR2,Optogenetic activation of RPA projecting galaninergic neurons,Increased REM sleep and decreased NREM sleep.,,"-21,00 %","21,80 %","0,5",Mice,GAL-Cre,Both,Adult,NREM,6-12 weeks,,,,"Chen, 2018",Chen,2018,https://doi.org/10.1016/j.neuron.2018.02.005 ,
Forebrain,Hypothalamus,DMH,Optogenetic,iC++,Optogenetic inhibition of RPA projecting galaninergic neurons,Decreased REM sleep and increased NREM sleep.,,"6,70 %","-7,30 %","0,5",Mice,GAL-Cre,Both,Adult,REM,6-12 weeks,,,,"Chen, 2018",Chen,2018,https://doi.org/10.1016/j.neuron.2018.02.005 ,
Brainstem,Midbrain,LC,Optogenetic,ChR2,optogenetic activation of noradrenergic LC neurons,Inhibiting NREM to REM transition. Disruption of spindle formation during NREM sleep. ,,,,,Mice,DBH-Cre;C57BL/6J,Both,Postnatal,REM,"Postnatal, >P21","Yes, induce stress",No,Acumulation of REM sleep pressure,"Osorio-Forero et al., 2021",Osorio-Forero,2021,https://doi.org/10.1016/j.cub.2021.09.041 ,
Brainstem,Midbrain,LC,Optogenetic,JAWS,Optogenetic inhibition of noradrenergic LC neurons,Enhanced density of sleep spindles. Reduced total time spent in NREM sleep and increasing time spent in REM sleep and wakefulness. Increases transitions from NREM to REM sleep.,,,,,Mice,DBH-Cre;C57BL/6J,Both,Postnatal,NREM,"Postnatal, >P21","Yes, induce stress",No,,"Osorio-Forero et al., 2021",Osorio-Forero,2021,https://doi.org/10.1016/j.cub.2021.09.041 ,
,,,Mechanical,Behavioural,Kept awake for several hours by novelty introduction,Frequent periods of focal slow waves + worsening on motor tasks,,,,,Rats,WKY,Male,Adult,NREM,Adult,"Yes, memory",,"Some areas off, others on in a awake/sleep state","Vyazovskiy, V. et al. (2011)",Vyazovskiy,2011,https://www.nature.com/articles/nature10009,
Forebrain,Hypothalamus,POA,Lesion,Temporary,Lesion of mPOA by NMDA,long-lasting insomnia with decrease in deep sleep and REM,"76,96 %","-42,98 %","-88,96 %",24,Rats,Wistar,Male,Adult,Both,Adult (200-275g),,increase locomotion and bodytemp,"Reduce in bodyweight due to locomotion, less sleep pressure, hyperthermia"," John
and Kumar, 1998",John and Kumar,1998,https://academic.oup.com/sleep/article/21/6/587/2725980?login=false,
,,,Manual,Manual,Disk over water - forced locomotion,"sleep deprivation, after 2-6 weeks dead unless halted",,,,,Rats,Sprague dawley,Male,Adult,REM,"Adult, 4-6 months. 425-525g",Not significantly,Not significantly,"TSD increase temp, excessive heat loss, attenuation of normal wake-sleep temp differences. Spotaneous death","Retschaffen, A. and Bergmann, B. (2002)",Retschaffen and Bergmann,2002,https://doi.org/10.1093/sleep/25.1.18,
Forebrain,Hypothalamus,VLPO,Lesion,Permanent,Bilateral lesion of VLPO using ibetonic acid,Decrease in NREM sleep time,"56,40 %","-54,30 %","-58,50 %",24,Rats,Sprague Dawley,Male,Adult,Both,250-275gm,No,Body temp,,"Lu, J. et al. (2000)",Lu,2000,https://doi.org/10.1523/JNEUROSCI.20-10-03830.2000,
Forebrain,Hypothalamus,VLPO,Lesion,Permanent,Dorsal lesion of VLPO using ibetonic acid,"small change in NREM, loss of REM",,"-14,60 %","-35,40 %",24,Rats,Sprague Dawley,Male,Adult,Both,250-275gm,No,Body temp,,"Lu, J. et al. (2000)",Lu,2000,https://doi.org/10.1523/JNEUROSCI.20-10-03830.2000,
Forebrain,Hypothalamus,VLPO,Lesion,Permanent,Lesion of VLPO using orexin-B-saporin,Rats with >70% cell loss slept up to 40% less than intact rats,"26,00 %",,,24,Rats,Sprague Dawley,Male,Adult,Both,"Adult, 300-365g",No,No,,"Vetrivelan, R. (2012)",Vetrivelan,2012,https://pubmed.ncbi.nlm.nih.gov/23115400/,
Forebrain,Hypothalamus,POA,Optogenetic,iC++,Inactivation of POA GABAergic neurons,Increased wakefulness and decreased sleep. Transitions from wake to sleep states were significantly reduced.,,,,,Mice,Vglut2-IRES-Cre,Both,Adult,Both,"Adult, 6-12 weeks",No,No,,"Chung, S. (2017)",Chung,2017,https://pubmed.ncbi.nlm.nih.gov/23115400/,
Forebrain,Hypothalamus,POA,Chemogenetic,hM4Di,Inhibition of POA CCK neurons,"Increased wakefulness, reduced NREM and REM sleep",,,,,Mice,CCK-Cre + CRH-Cre,Both,Adult,Both,"Adult, 6-12 weeks",No,No,,"Chung, S. (2017)",Chung,2017,https://pubmed.ncbi.nlm.nih.gov/28514446/,
Forebrain,Hypothalamus,POA,Chemogenetic,hM4Di,Inhibition of POA Tac1 neurons,Increased wakefulness and decreased sleep.,,,,,Mice,TAC1-Cre,Both,Adult,Both,"Adult, 6-12 weeks",No,No,,"Chung, S. (2017)",Chung,2017,https://pubmed.ncbi.nlm.nih.gov/28514446/,
Forebrain,Hypothalamus,POA,Optogenetic,ChR2,Activation of POA GAL neurons,Increased wakefulness and decreased sleep.,,,,,Mice,GAL-Cre,Both,Adult,Both,"Adult, 6-12 weeks",No,No,,"Chung, S. (2017)",Chung,2017,https://pubmed.ncbi.nlm.nih.gov/28514446/,
,,,Mechanical,Behavioural,forced confrontation with novelty,"Increase activity, decrease in REM+NREM","12,80 %","-11,60 %","-27,60 %",5,Mice,BALB/c,Male,Adult,Both,"Adult, 10 weeks","Yes, induce stress",No,"Sleep pressure rised after time, had to introduce more often. REM sleep affected after exposure","Tang, X. et al. (2005)",Tang,2005,https://www.sciencedirect.com/science/article/abs/pii/S0031938405001885?via%3Dihub#fig6,
,,,Mechanical,Behavioural,forced confrontation with novelty,"Increase activity, decrease in REM+NREM","9,80 %","-9,90 %","-13,90 %",5,Mice,C57BL/6,Male,Adult,Both,"Adult, 10 weeks","Yes, induce stress",No,"Sleep pressure rised after time, had to introduce more often. REM sleep affected after exposure","Tang, X. et al. (2005)",Tang,2005,https://www.sciencedirect.com/science/article/abs/pii/S0031938405001885?via%3Dihub#fig6,
,,,Mechanical,Behavioural,Cage exchange,"Increase activity, decrease in REM+NREM","62,80 %","-61,50 %","-76,30 %",5,Mice,BALB/c,Male,Adult,Both,"Adult, 10 weeks","Yes, induce stress",Increased locomotion,,"Tang, X. et al. (2005)",Tang,2005,https://www.sciencedirect.com/science/article/abs/pii/S0031938405001885?via%3Dihub#fig6,
,,,Mechanical,Behavioural,Cage exchange,"Increase activity, decrease in REM+NREM","37,10 %","-37,30 %","-17,00 %",5,Mice,C57BL/6,Male,Adult,Both,"Adult, 10 weeks","Yes, induce stress",Increased locomotion,,"Tang, X. et al. (2005)",Tang,2005,https://www.sciencedirect.com/science/article/abs/pii/S0031938405001885?via%3Dihub#fig6,
,,,Mechanical,Behavioural,forced confrontation with novelty,"decrease NREM and REM, more pain",,"-98,00 %","-100,00 %",6,Mice,C67BL/6J,,Adult,Both,3-6 months,"Yes, feel more pain",,Increase of both NREM and REM due to sleep pressure. Caffeine+modafinil blocked sleep-deprivation induced pain hypersensitivity,"Alexandre, C. et al (2017)",Alexandre,2017,https://www.nature.com/articles/nm.4329,
,,,Mechanical,Automated,Kept awake with aparatus + Activation of VTA DA neurons,Abolished NREM+REM. Sleep during critical period (P35-P42) shapes novelty preference,,,,,Mice, InsG3680+/+;?DATCre+/–,,Adolescence,Both,P35-P42,No,,Improving NREM sleep or reducing VTA activity during adolescent critical period can ameliorate social defecits,"Bian, W. (2022)",Bian,2022,https://www.nature.com/articles/s41593-022-01076-8#citeas,
,,,Genetic,CRISPR,Splicing mutation Sik3,"decrease total wake, increase NREM. Exaggerated reponse to SD","-28,70 %",,,24,Mice,Sik3Slp/+ and Sik3Slp/Slp,Male,Adult,NREM,12 weeks,,,,"Funato, H. (2016)",Funato,2016,https://pubmed.ncbi.nlm.nih.gov/27806374/,
,,,Genetic,CRISPR,Missense mutation of NALCN.,Shortened REM sleep episodes. Reduced REM sleep by 44%,,,,,Mice,NalcnDrl/+,Male,Adult,REM,12 weeks,,,,"Funato, H. (2016)",Funato,2016,https://pubmed.ncbi.nlm.nih.gov/27806374/,
,,,Genetic,HR,Knock-out Knac2 using homologous recombination,Pups had significantlyNREM sleep (~23%) and more waking (+21%). Higher number of waking episodes. Died at P28.,"21,00 %","-23,00 %","-10,00 %",24,Mice,Kcna2 KO,Male,Adult,NREM,birth to P60,,,KO pups between P12-P28 die due to generalized seizures,"Douglas, C.L. (2007)",Douglas,2007,https://pubmed.ncbi.nlm.nih.gov/17925011/,
Brainstem,Pons,PB,Chemogenetic,hM3Dq,Activation of the PB neurons,"Reduce sleep by 50% the first day of CNO application, behavioural arousal",,,,,Rats,Sprague Dawley,,Adult,Both,Adult,No,reduced bodyweight and leptin,subsequent PB activation produced progressively lesser wake amounts,"Qiu, M.H. (2016)",Qiu,2016,https://pubmed.ncbi.nlm.nih.gov/27546576/,
Forebrain,Hypothalamus,SuM,Chemogenetic,hM3Dq,Activation of vglut2 neurons of the SuM region w/ CNO,Continuous wakefulness for ~12 hours after activation,"968,97 %",,,5,Mice,Vglut2-IRES-Cre,Male,Adult,Both,"Adult, 8-12 weeks",,,,"Pedersen, N.P. (2017)",Pedersen,2017,https://pubmed.ncbi.nlm.nih.gov/29123082/,
Forebrain,Hypothalamus,SuM,Chemogenetic,hM3Dq,Activation of vgat/vglut2 neurons,Modest but significant effect on duration of wakefulness following CNO injection,"557,00 %",,,1,Mice,Vgat-IRES-Cre,Male,Adult,Both,"Adult, 8-12 weeks",,,,"Pedersen, N.P. (2017)",Pedersen,2017,https://pubmed.ncbi.nlm.nih.gov/29123082/,
Forebrain,Hypothalamus,SuM,Chemogenetic,hM3Dq,Activation of Nos1 positive neurons,Promoted wakefulness and increased sleep latency,,,,,Mice,Nos1-IRES-Cre,Male,Adult,Both,"Adult, 8-12 weeks",,,Inactivation led to reduced theta power during REM,"Pedersen, N.P. (2017)",Pedersen,2017,https://pubmed.ncbi.nlm.nih.gov/29123082/,
Brainstem,Medulla,PZ,Optogenetic,hM3Dq,Activation of GABAergic neurons in medullary PZ,Increases SWS at expense of REM and Wakefulness,"-68,47 %","120,62 %","-98,24 %",3,Mice,Vgat-IRES-cre,Male,Adult,REM,"Adult, 8-12 weeks. 20-25g",,,deep SWS induced by CNO administration appeared to satisfy the homeostatic need for sleep,"Anaclet, C. (2014) ",Anaclet,2014,https://pubmed.ncbi.nlm.nih.gov/25129078/,
Forebrain,Hypothalamus,SCN,Genetic,Breeding,Heterozygous clock mutation,"Moderate reduction in sleep (-9%/1hr) due to decreased NREM sleep, mainly during DP. ","9,00 %",,,24,Mice,Clock+/-,Male,Adult,NREM,not disclosed,No,No,"Less recovery sleep than WT, but more than homozygous.","Naylor, E. (2000)",Naylor,2000,https://pubmed.ncbi.nlm.nih.gov/11050136/,
Forebrain,Hypothalamus,SCN,Genetic,Breeding,Homozygous clock mutation,Significantly less sleep (-18%/-2hrs) due to decreased NREM sleep. Shorter NREM episode length. ,"18,00 %",,,24,Mice,Clock+/+,Male,Adult,NREM,not disclosed,No,Lengthened activity period,Less recovery sleep and smaller increase in REM sleep.,"Naylor, E. (2000)",Naylor,2000,https://pubmed.ncbi.nlm.nih.gov/11050136/,
,,,Genetic,Breeding,Hemideletion in chromosomal region 16p11.2 (risk for ASD),"Hyperactivity, male mice more awake and significantly less NREM sleep. Long bouts of consolidated wakefulness (>42 min)",,,,,Mice,16p11.2 del/+,Both,Adult,NREM,"Adult, 2.5-4.5 months",No,Hyperactivity,"females had no difference to wt female mice. Males had increased alpha power during wake, while females had increased beta power during wake and decreased low delta power during NREM sleep.","Angelakos, C. J. (2017)",Angelakos,2017,https://pubmed.ncbi.nlm.nih.gov/27739237/,
Forebrain,Hypothalamus,Hypothalamus,Lesion,Permanent,Lesion of hypothalamus with incision or hook,"Displayed irregular sleep-wake cycle. Rats were unable to stay awake or sleep, went into a continous drowsy state.",,,,,Rats,Albino,,Adult,Both,Adult,,Hypothermia,,"Nauta, W.J. (1946)",Nauta,1946,https://journals.physiology.org/doi/abs/10.1152/jn.1946.9.4.285,
Forebrain,Basal Forebrain,BF,Lesion,Permanent,Lesion in BF+LC+TMN orexin neurons by different saporins,Reduced REM sleep by 44.4% (triple lesioned). Less and longer NREM+Wake bouts.,,,"-25,80 %",24,Rats,Sprague Dawley,Male,Adult,REM,"Adult, 4-6 months",no,drop in muscle tone,Triple lesioned had additive effect on wake on NREM sleep (dark cycle),"Blanco-Centurion, C. (2007)",Blanco-Centurion,2007,https://pubmed.ncbi.nlm.nih.gov/18094243/,
Forebrain,Basal Forebrain,BF,Lesion,Permanent,Lesion in BF+LC orexin neurons,Reduced REM sleep by 32.2% (double lesioned). Less and longer NREM+Wake bouts.,,,"-18,60 %",24,Rats,Sprague Dawley,Male,Adult,REM,"Adult, 4-6 months",no,drop in muscle tone,,"Blanco-Centurion, C. (2007)",Blanco-Centurion,2007,https://pubmed.ncbi.nlm.nih.gov/18094243/,
Brainstem,Pons,LC,Optogenetics,ChR2,Optogenetic activation of LC noradrenergic neurons,Immediate sleep-to-wake transitions. More wakefulness at expense of NREM sleep + reduced probability of sleep-to-wake transitions,,,,,Mice,Tyrosine hydroxylase (TH)?IRES-Cre knockin HZ,Male,Adult,Both,8-18 weeks,,Locomotion increased/decreased,Decrease in SWA during NREM - decreased sleep depth. Decreased theta activity for REM. Affected locomotion. High frequent continuous stimulation resulted in behaviour arrest.,"Carter, M. E (2010)",Carter,2010,https://pubmed.ncbi.nlm.nih.gov/21037585/,
,,,Mechanical,Manual,Reduce REM sleep by flower pot method,"REM sleep deprivation, ~45% decrease. NREM decrease if platform too high.",,"-14,09 %","-44,86 %",24,Rats,Sprague Dawley,Male,Adult,REM,"Adult, 200-225g",chronic stress,weight loss,also deprivation of deep NREM. Had increased REM sleep bout and total after flower pot.,"Mendelson, W. E. (1974)",Mendelson,1974,https://www.sciencedirect.com/science/article/abs/pii/0091305774900185,
,,,Mechanical,Manual,flower pot method,SD rats was able to retain information less than 5 mins.,,,,,Rats,Wistar,Male,Adult,REM,"Adult, 250-400g",chronic stress,"weight loss, increase locomotion",also deprivation of deep NREM. Bad performance in maze tasks,"Youngblood, B. (1997)",Youngblood,1997,https://doi.org/10.1016/S0031-9384(96)00363-0,
,,,Genetic,Breeding,Sleep deprivation effect on different inbred mice strains,"D2 and 129 most wakefulness. C easily held awake, stress sensitivity. AK + C needed longer sleep time, D2 needed least",,,,,Mice,"AKR/J, BALB/cByJ, C57BL/6J, C57BR/cdJ, DBA/2J",Male,Adult,Both,"Adult, 71-81 days. 24-35g",Stress,,,"Franken, P. (1999)",Franken,1999,https://pubmed.ncbi.nlm.nih.gov/10201060/,
,,,Pharmacologic,Corticosterone,Acute exposure to corticoserone,acute rapidly increases wakefulness at expense of REM and NREM sleep,,,,,Mice,C57BL/6J,Male,Adult,Both,"8-14 weeks, 22-26g",No,No,Increase EEG delta during wake and decrease during NREM.,"Yao, Z. (2023)",Yao,2023,https://pubmed.ncbi.nlm.nih.gov/37891839/,
,,,Pharmacologic,Corticosterone,Chronic exposure to corticoserone,"Chronic led to excessive wakefulness and REM sleep, decrease NREM","16,79 %","-15,76 %","13,44 %",12,Mice,C57BL/6J,Male,Adult,NREM,"8-14 weeks, 22-26g",depression,reduced bodyweight gain,"effects persisted, except for REM sleep amounts, even 7 days after the drug withdrawal. Decreased delta and increased theta during wake. theta power decreased during REM and delta power increased during NREM","Yao, Z. (2023)",Yao,2023,https://pubmed.ncbi.nlm.nih.gov/37891839/,
,,,Mechanical,Behavioural,Cage exchange - male in a previously male occupied cage,"Sleep disturbances hours after; prolonged sleep latency, reduced sleep duration, frequent arousals, fragmentation of sleep. Stress induced insomnia","104,00 %","-23,43 %","-57,89 %",2,Rats,Sprague Dawley,Male,Adult,Both,"Adult, 275-325g",,,Lesions of the infralimbic cortex restoreNREM but not REM sleep in animals with experimental stressinduced insomnia. Lesions of the extended amygdala restored both REM and NREM sleep,"Cano, G. (2008)",Cano,2008,https://pubmed.ncbi.nlm.nih.gov/18829974/,
Forebrain,Hypothalamus,TMN,Pharmacologic,Modafinil,Modafinil-induced wakefulness,"Promotes wake at expense of other sleep states, large dose = efficiently longer wake. Strongly induced Fos in TMN and orexin neurons of the PFx",,,,,Rats,Sprague Dawley,Male,Adult,Both,"Adult, 270-330g",,No,may promote waking via activation of TMN and orexin neuron,"Scammel, T.E. (2000)",Scammel,2000,https://pubmed.ncbi.nlm.nih.gov/11069971/,
,,,Pharmacologic,Caffeine,Dose dependent use of caffeine,A dose-dependent and significant prolongation of sleep onset latency,,,,,Rats,Sprague Dawley,Male,Adult,Both,"Adult, 250-350g",,No,"effect was sensitive to zolpidem and trazodone, both of which attenuated the caffeine-induced increase in SOL","Paterson, L. (2007)",Paterson,2007,https://pubmed.ncbi.nlm.nih.gov/17225163/,
,,,Pharmacologic,Caffeine,Dose dependent use of caffeine,"12.5+25mg/kg: Increased wakefulness, decreased total sleep time. 0.125+1.25mg/kg: increased SWS1 at expense of SWS2","240,78 %","-65,50 %","-81,48 %",6,Rats,Sprague Dawley,Male,Adult,Both,"Adult, 300g",,,,"Yanik, G (1987)",Yanik,1987,https://pubmed.ncbi.nlm.nih.gov/3828812/,
,,,Pharmacologic,Diezepam,Diazepam IP injections in different doses (to treat sleep apnea),5mg/kg of diazepam increased NREM and decreased REM. Also reduced amount of wake and wake frequency.,,,,,Rats,Sprague Dawley,Male,Adult,Both,"Adult, 300g",,,,"Carley, D. W. (1998)",Carley,1998,https://pubmed.ncbi.nlm.nih.gov/9517612/,
,,,Mechanical,Manual,expose rodents to periods of hypoxia of 30-120s during light phase,Hypoxia cause REM sleep deficits and deficits in EEG delta power of NREM,,"-5,26 %","-18,26 %",24,Mice,C57BL/6J,Male,Adult,Both,"Adult, 27-30g",stress,,"total NREM recovered over time, but not REM","Polotsk, V. Y. (2006)",Polotsk,2006,https://pubmed.ncbi.nlm.nih.gov/16309961/,
,,,Mechanical,Manual,Expose rodents to auditory/tactile stimulus,Caused sleep fragmentation,,"-16,46 %","-16,00 %",24,Mice,C57BL/6J,Male,Adult,Both,"Adult, 27-30g",,,,"Polotsk, V. Y. (2006)",Polotsk,2006,https://pubmed.ncbi.nlm.nih.gov/16309961/,
,,,Pharmcologic,Enzyme inhibitor,Using SeCl14 to block prostaglandin D synthase (PGDS) on WT,"WT: increased wake, decreased NREM by 23% and REM by 44%. H-PGDS KO mice: increased wake, 80% reduced NREM+REM In L-PGDS KO mice, the effect on sleep and wake had delayed sleep onset during dark phase.",,"-45,00 %","-81,00 %",5,Mice,C57BL/6 mice,Male,Adult,Both,"Adult, 11-13 weeks. 25-28g",,,treatment with this compound resulted in a distinct sleep rebound during the following dark period,"Qu, W. (2006)",Qu,2006,https://pubmed.ncbi.nlm.nih.gov/17093043/,
,,,Pharmcologic,Enzyme inhibitor,Using SeCl14 to block prostaglandin D synthase (PGDS) on L-PGDS KO mice.,"5mg/kg: In L-PGDS KO mice, the effect on sleep and wake had delayed sleep onset during dark phase.",,,,5,Mice,L-PGDS KO,Male,Adult,Both,"Adult, 11-13 weeks. 25-28g",,,treatment with this compound resulted in a distinct sleep rebound during the following dark period,"Qu, W. (2006)",Qu,2006,https://pubmed.ncbi.nlm.nih.gov/17093043/,
,,,Pharmcologic,Enzyme inhibitor,Using SeCl14 to block prostaglandin D synthase (PGDS) on H-PGDS KO mice.,"5mg/kg: H-PGDS KO mice: increased wake, 80% reduced NREM+REM",,"-27,00 %","-78,00 %",5,Mice,H-PGDS KO,Male,Adult,Both,"Adult, 11-13 weeks. 25-28g",,,treatment with this compound resulted in a distinct sleep rebound during the following dark period,"Qu, W. (2006)",Qu,2006,https://pubmed.ncbi.nlm.nih.gov/17093043/,
Forebrain,Basal Forebrain,BF,Lesion,Temporary,DP1R antagonist ONO-4127Na infused into subrachnoid space(100pmol/min),"Reduced NREM by at max 23% and REM by max 50%, increased wakefulness",,"-23,00 %","-49,00 %",7,Rats,Sprague dawley,Male,Adult,Both,"Adult, 8-10 weeks. 250-320g",,,treatment with this compound resulted in a distinct sleep rebound during the following dark period,"Qu, W. (2006)",Qu,2006,https://pubmed.ncbi.nlm.nih.gov/17093043/,
Forebrain,Basal Forebrain,BF,Lesion,Temporary,DP1R antagonist ONO-4127Na infused into subrachnoid space(200pmol/min),"Reduced NREM by at max 30% and REM by max 60, increased wakefulness",,"-28,00 %","-63,00 %",7,Rats,Sprague dawley,Male,Adult,Both,"Adult, 8-10 weeks. 250-320g",,,,"Qu, W. (2006)",Qu,2006,https://pubmed.ncbi.nlm.nih.gov/17093043/,
,,,Pharmcologic,Food,Mice with iron deficiency (diet),"Increased wakefulness 4h period prior to lights-on. Both NREM+REM decreased, significant for NREM","5,56 %","-11,75 %","14,28 %",12,Mice,C57BL/6J ,Male,Adult,Both,postnatal D21 to D60,,,iron deficient less red blood cells,"Dean, T. (2006)",Dean,2006,https://pubmed.ncbi.nlm.nih.gov/17098470/,
,,,Genetic,Breeding,Ntsr1 knockout mice,Reduced REM sleep in dark phase and increased amount of NREM sleep.,,,,,Mice,NTSR1-/-,Male,Adult,REM,8 weeks,anxious behaviour,,"Following sleep deprivation, NTSR1 knockouts exhibited more wake and less NREM rebound sleep","Fitzpatrick, K. (2012)",Fitzpatrick,2012,https://www.ncbi.nlm.nih.gov/pmc/articles/PMC3369230/,
,,,Genetic,Breeding,Sleep patterns in different levels of anxiety in mice strains,"High anxiety needed more sleep, due to heavy sleep fragmentation, lower quality of sleep. Had a drive for REM sleep.","16,50 %","-19,19 %",,12,Mice,CD1 inbred diff. anxiety traits,,Adult,Both,"Adult, 25-30g",Anxiety in breed,,,"Jakubcakova, V. (2012)",Jakubcakova,2012,https://www.ncbi.nlm.nih.gov/pmc/articles/PMC3394752/,
,,,Mechanical,Manual,Platform method/flowerpot method with large and small diameter,"REM virtually abolished during first light in both, NREM halved. Deeper NREM lower in small diameter group.","65,26 %","-48,86 %","-89,71 %",12,Rats,Møll-Wistar,Male,Adult,Both,"Adult, 300g",,,REM rebound in both groups. Only NREM rebound in small diameter group.,"Grahnstedt, S. (1985)",Grahnstedt,1985,https://pubmed.ncbi.nlm.nih.gov/4091961/,
,,,Mechanical,Automated,Homemade rotating device 'CaResS' for sleep fragmentation,"REM significantly decreased (59-66%), SWS decreased (12-19%). Glucose absorption slower",,"-18,76 %","-65,82 %",24,Mice,C57BL6,Male,Adult,Both,"Adult, 7-9 weeks. 22-25g",No,Locomotion and food intake increased,Increased GC level during active period,"Baud, M. O. (2013)",Baud,2013,https://pubmed.ncbi.nlm.nih.gov/22734931/,
,,,Mechanical,Manual,Gentle handling,Almost total suppression of both NREM and REM sleep.,"99,50 %",,,6,Mice,C57BL6,Male,Adult,Both,Adult,Corticosterone levels increased,,less time awake in DP after automated depression in comparison to gentle handling. less in REM after deprivation than gentle handling,"Fenzl, T. (2007)",Fenzl,2007,https://pubmed.ncbi.nlm.nih.gov/17825425/,
,,,Mechanical,Automated,"Automated running wheel in cage, rotation triggered by EMG threshold",99.5% suppression of both NREM and REM sleep. ,,,,6,Mice,C57BL7,Male,Adult,Both,Adult,Corticosterone levels increased,,,"Fenzl, T. (2007)",Fenzl,2007,https://pubmed.ncbi.nlm.nih.gov/17825425/,
,,,Mechanical,Automated,Automated rotating drum with fixed internal wall,"99% suppression of sleep, with REM completely abolished. Both LP and DP.",,,,,Rats,Wistar,Male,Adult,Both,Adult,Corticosterone levels increased,Locomotion increased,,"Leenaars, C. (2011)",Leenaars,2011,https://pubmed.ncbi.nlm.nih.gov/21262261/,
,,,Mechanical,Automated,Forced locomotion with treadmill for sleep fragmentation,NREM bout decreased and time decreased by 17%. REM absent.,,,,24,Rats,Fischer-Norway,Male,Adult,Both,"Adult, 230-300g",Attentional shift dysfunction,Locomotion increased,,"McCoy, J. G. (2007)",McCoy,2007,https://pubmed.ncbi.nlm.nih.gov/17310865/,
,,,Mechanical,Automated,Forced locomotion with treadmill for sleep fragmentation for 6,REM and NREM significantly reduced. ,"122,60 %","-61,77 %","-97,73 %",6,Rats,Sprague-Dawley,Male,Adult,Both,"Adult, 280-350g",,Locomotion increased,NREM duration and delta power increased after SI. Rats more sleepy after SI. BF AD increased after SI,"McKenna, J. T. (2007)",McKenna,2007,https://pubmed.ncbi.nlm.nih.gov/17442498/,
,,,Mechanical,Automated,Forced locomotion with treadmill for sleep fragmentation for 24h,"REM significantly reduced, NREM reduced. Last 18h of 24h NREM not reduced","33,13 %","-25,68 %","-88,71 %",24,Rats,Sprague-Dawley,Male,Adult,Both,"Adult, 280-350g",,Locomotion increased,NREM duration and delta power increased after SI. Rats more sleepy after SI. BF AD increased after SI,"McKenna, J. T. (2007)",McKenna,2007,https://pubmed.ncbi.nlm.nih.gov/17442498/,
,,,Mechanical,Automated,Forced locomotion with treadmill over water with motion det. IR camera,NREM sleep decreased about 50%. Near complete elimination of REM sleep.,"44,30 %","-40,10 %","-50,50 %",24,Rats,Sprague-Dawley,Male,Adult,Both,"Adult, 375-475g",Signs of anxiety (disheveled fur),"BW decrease, FI increased. Locomotion increased",NREM not increased right after SD. REM sleep was elevated in all animals after SD.,"Newman, S. M. (2009)",Newman,2009,https://www.ncbi.nlm.nih.gov/pmc/articles/PMC2753808/,
,,,Mechanical,Automated,Orbital shaker for interupting sleep 30s every 2min for 48h,"NREM decreased, bouts significantly reduced. REM sleep amount profoundly affected, but not bouts","49,14 %","-42,58 %","-63, 92%",24,Mice,C57BL/6,Male,Adult,Both,"Adult, 18-20 weeks",,,Rebound in REM sleep time and increase in depth of NREM delta power,"Sinton, C. M. (2009)",Sinton,2009,https://pubmed.ncbi.nlm.nih.gov/19646474/,
Forebrain,Hypothalamus,LH,Optogenetics,ChR2,Activation of orexin neurons,Increased probability of awakening mice from sleep. Increased probability of awakening mice from sleep. High frequency stimulation reduced the latency from NREM and REM sleep to wakefulness. Chronic stimulation increased number of transitions from NREM to wakefulness.,,,,,Mice,C57BL/6 ,Male,Adult,Both,8-10 weeks,No,No,Effect diminished with sleep pressure induced by 2-4 hrs of sleep deprivation,"Carter, M. E (2009)",Carter,2009,https://www.ncbi.nlm.nih.gov/pmc/articles/PMC3849591/,
Forebrain,Basal Forebrain,BF,Lesion,Temporary,Activation of BF neurons using glutamatergic agonist (NMDA+AMPA),Causes wakefulness,,,,,Rats,Wistar rats,Male,Adult,Both,200-250g,No,No,,Cape and Jones (2000),Cape and Jones,2000,https://pubmed.ncbi.nlm.nih.gov/10886356/,
Forebrain,Basal Forebrain,BF,Lesion,Temporary,Inactivation of BF neurons using procaine,Loss of REM sleep,,,,,Rats,Wistar rats,Male,Adult,REM,200-250g,Attentional dysfunction,No,,Cape and Jones (2000),Cape and Jones,2000,https://pubmed.ncbi.nlm.nih.gov/10886356/,
Forebrain,Basal Ganglia,NAc,Lesion,Permanent,Lesion of accumbens core with ibotenic acid,Increase in wakefulness and reduction in NREM,"26,72 %",,,48,Rats,Sprague-Dawley,Male,Adult,NREM,275-300g,No,No,"Excessive digging and scratching, OCD-like behaviour","Qiu, et al. (2010)",Qiu,2010,https://pubmed.ncbi.nlm.nih.gov/20105243/,
Forebrain,Basal Ganglia,GP,Lesion,Permanent,Lesion in GP using ibotenic acid,"Substantial increase in wake (45.52%), frequent sleep-wake transitions, decrease in NREM","45,52 %",,,48,Rats,Sprague-Dawley,Male,Adult,NREM,275-300g,No,weight loss,"Aphagia and adipsia, contributor to weight loss","Qiu, et al. (2010)",Qiu,2010,https://pubmed.ncbi.nlm.nih.gov/20105243/,
Forebrain,Hypothalamus,LH,Pharmacologic,Receptor antagonist,Blocking MCH1 receptor using MCH1 receptor antagonists,"Compound A had dose-dependent decreases in deep NREM sleep and REM sleep and increases waking and passive waking states. Compound B significantly reduced deep NREM sleep and REM sleep, while increased wakefulness.",,,,,Rats,Sprague-Dawley,Male,Adult,REM,"Adult, 250-300g",No,Locomotion increased,"No homeostatic rebound of sleep was observed, tendency for REM sleep recovery during dark phase","Ahnaou, A. (2008)",Anahou,2008,https://www.sciencedirect.com/science/article/abs/pii/S0014299907011314,
,,,Pharmacologic,Receptor agonist,Blocking mGlu2 receptors using agonist LY354740,"Dose-dep. reduction in REM sleep, longer REM onset latency.",,,"-83,00 %",4,Rats,Sprague-Dawley,Male,Adult,REM,"Adult, 250-300g",No,No,,"Anahou, A. (2009)",Anahou,2009,https://pubmed.ncbi.nlm.nih.gov/19046965/,
,,,Pharmacologic,PAM,Increase of glutamate effect using PAM BINA,Dose-dependent reduction in REM sleep. Slight enhancement in wake state.,,,"-82,00 %",4,Rats,Sprague-Dawley,Male,Adult,REM,"Adult, 250-300g",No,No,,"Anahou, A. (2009)",Anahou,2009,https://pubmed.ncbi.nlm.nih.gov/19046965/,
,,,Pharmacologic,Receptor agonist,Using both LY354740 and BINA,Additive effects on supressing REM sleep and lengthened REM sleep onset,,,,,Rats,Sprague-Dawley,Male,Adult,REM,"Adult, 25-30g",No,No,,"Anahou, A. (2009)",Anahou,2009,https://pubmed.ncbi.nlm.nih.gov/19046965/,
Forebrain,Hypothalamus,LH,Genetic,Breeding,MCH KO mice,"More wakefulness (+90 min/24 hr) due to increased bouts. Reduced total NREM, sig. reduced REM sleep.","10,76 %","-14,53 %","-7,93 %",24,Mice,MCH-1 ?/?,Male,Adult,Both,"Adult, 20-23 weeks",,No,Sleep rebound normal.  MCH KO mice profound inability to adapt to fasting. wake consolidation.,"Willie, J. T. (2008)",Willie,2008,https://pubmed.ncbi.nlm.nih.gov/18809470/,
,,,Pharmacologic,Food,MCH KO mice fasting,"Hyperactivity, marked deficits in REM sleep. Some showing no REM sleep.","12,46 %","-16,57 %","-59,36 %",24,Mice,MCH-1 ?/?,Male,Adult,REM,"Adult, 20-23 weeks",,"Locomotion increased, weight loss",Exagerated increase in locomotion. ,"Willie, J. T. (2008)",Willie,2008,https://pubmed.ncbi.nlm.nih.gov/18809470/,
,,Astrocytes,Genetic,Gene casette,Conditional expression of dnSNARE transgene,Blocking the rise in adenosine mediated by astrocytes prevents rebound recovery sleep after SD,,,,,Mice,dnSNARE,,Adult,NREM,"Adult, >8 weeks",No,No,"Sleep pressure red. in dnSNARE expressed in astrocytes, positively correlates with SWA. NREM bouts red. after SD","Halassa, M. M. (2009)",Halassa,2009,https://pubmed.ncbi.nlm.nih.gov/19186164/,
Forebrain,Hypothalamus,SCN,Genetic,HR,Loss of LAP protein MOP3 ,"Loss of circadian rythm, no rythm to running periods. Not reactive to Light/Dark periods",,,,,Mice,Mop3?/?,,Adult,Both,Not disclosed,No,Locomotion reduced,,"Bunger, M. K. (2000)",Bunger,2000,https://www.ncbi.nlm.nih.gov/pmc/articles/PMC3779439/,
Forebrain,Hypothalamus,SPZ,Lesion,Permanent,Restricted ibotenic acid lesions of the ventral or dorsal SPZ,"Ventral: profound reduction of measures of circadian index of sleep. Loss of circadian rythm, esp during constant darkness",,,,,Rats,Sprague dawley,Male,Adult,Both,"Adult, 275-300g",No,Locomotion reduced,dorsal lesions of SPZ disrupted circadian rythms in body temperature,"Lu, J. (2001)",Lu,2001,https://pubmed.ncbi.nlm.nih.gov/11425913/,
,,,Mechanical,Manual,Perpetual avoidance of water on a wheel (PAWW),"Locomotor activity up during light phase, less daytime sleep. More nighttime sleepiness. fragmented sleep and reduced delta power",,,,,Mice,C3H-HeN,Male,Adult,Both,"Adult, 8-15 weeks",stress,"Increased appetite, loss of BW","body temp rythm was dysregulated during dark phase, plasma catecholamines elevated","Miyazaki, K. (2013)",Miyazaki,2013,https://pubmed.ncbi.nlm.nih.gov/23383193/,
,,SCN,Mechanical,Manual,"circadian disruption: 20 h long day, 10 h of light and 10 h of darkness",Disrupt sleep timing and quality of sleep (NREM delta power decrease),,,,,Mice,C57 B16,Male,Adult,NREM,"Adult, 42-59d",No,disrupt body temperature,Innate immune response altered,"Phillips, D. (2015)",Phillips,2015,https://pubmed.ncbi.nlm.nih.gov/25542734/,
Forebrain,Cortex,Cortex,Genetic,Gene casette,homozygous Tfap2b deletion in GABAergic neurons,Female: reduced sleep and NREMS delta power and REM theta power. Male: a decrease in the time spent in NREMS,,,,,Mice,vgat-tfap2b-/-,Both,Adult,Both,Adult,,,female:weaker delta and theta power during rebound sleep,"Hu, Y. (2023)",Hu,2023,https://www.nature.com/articles/s41598-023-34772-x,
Forebrain,Cortex,Cortex,Genetic,Gene casette,Heterozygous deletion of Tfap2b,Reduced sleep time and delta power during NREM. decrease in REM sleep duration and theta power. weaker SD response- Circadian rythm shortened,,,,,Mice,Tfap2b+/?,Male,Adult,Both,"Adult, 2-6mnd","depressive, stress and learning defect",,Increased sleep pressure. Sleep loss phenotype stronger when knocked down during development vs.adult. ,"Hu, Y.  (2020)",Hu,2020,https://academic.oup.com/genetics/article/216/3/735/6065611?login=false,
Brainstem,Medulla,PZ,Chemogenetic,hM3Dq,Activation of PZ vglut2 neurons,"Induced wakefulness due to increase in bout length, decrease delta frequency band power. NREM and REM decreased","85,11 %","-59,07 %","21,18 %",5,Mice,Vglut2-hM3Dq,Male,Adult,REM,"Adult, 8-12 weeks 20-25g",,,no sleep rebound seen,"Erickson, E. T. M (2019)",Erickson,2019,https://pubmed.ncbi.nlm.nih.gov/31417341/,
Brainstem,Pons,SLD,Chemogenetic,HM3Dq,Activation of SLD vglut2 neurons,Induced wakefulness and enhanced REM sleep,"86,78 %","-54,80 %","58,16 %",6,Mice,Vglut2-hM3Dq,Male,Adult,NREM,"Adult, 8-12 weeks 20-25g",,,,"Erickson, E. T. M (2019)",Erickson,2019,https://pubmed.ncbi.nlm.nih.gov/31417341/,
Brainstem,Pons,PB,Chemogenetic,HM3Dq,Activation of PB vglut2 neurons,Induces wakefulness at expense of REM and NREM sleep.  No sleep rebound,"144,75 %","-69,88 %","-65,88 %",9,Mice,Vglut2-hM3Dq,Male,Adult,Both,"Adult, 8-12 weeks 20-25g",,,no sleep rebound seen,"Erickson, E. T. M (2019)",Erickson,2019,https://pubmed.ncbi.nlm.nih.gov/31417341/,
Forebrain,Hypothalamus,VLPO,Optogenetics,ChR2,Activation of orexin neurons,"When OX stimulated during both NREM and REM, mice had short-latency arousals. Higher frequencies were effective for NREM sleep transitions, while increased probability of REM sleep to wake transitions happened at lower frequencies.",,,,,Mice,Ox-IRES-Cre,Both,Adult,Both,"Adult, 6-12 weeks",,,,"De Luca, R. (2022)",De Luca,2022,https://www.nature.com/articles/s41467-022-31591-y,
Brainstem,Pons,LC,Lesion,Permanent,Response to novel stimuli after chemical LC lesion,Fell asleep unless new novelty every 1h. LC drives arousal and attention,,,,,Rats,Sprague-Dawley,Male,Adult,Both,"Adult, 275-300g",No,No,,"Gompf, H (2010)",Gompf,2010,https://pubmed.ncbi.nlm.nih.gov/20980612/,
,,,Mechanical,Behavioural,Novelty introduction,Increased wakefulness significantly when new novelty introduced every 1 hr,"232,51 %",,,5,Rats,Sprague-Dawley,Male,Adult,Both,"Adult, 275-300g",No,No,,"Gompf, H (2010)",Gompf,2010,https://pubmed.ncbi.nlm.nih.gov/20980612/,
,,,Pharmacologic,PCPA,Causing serotonin depletion using PCPA in mice and housing them in different temperatures,Mice couldn't regulate bodytemp - hypothermia. Hypothermic mice had increased wake at expense of NREM and REM sleep,"30,76 %","-39,60 %","-73,04 %",24,Mice,C57BL/6N,Male,Adult,Both,"Adult, 26-32g",No,Locomotion reduced,"housing at 33°C, which is in the thermoneutral range for a mouse, prevented insomnia or any change in TC","Murray, N (2015)",Murray,2015,https://academic.oup.com/sleep/article/38/12/1985/2417984,
Brainstem,Pons,DRN,Optogenetics,ChR2,Activation of 5HT neurons, doubles amount of wake and reduces+fragments NREM sleep,,,,,Mice,Tph2-ChR2 transgenic,Male,Adult,NREM,8 weeks,No,No,neuropathic pain accelerates the activity of DRN-5-HTergic neurons,"Ito, H (2013)",Ito,2013,https://pubmed.ncbi.nlm.nih.gov/24370235/,
,,,Genetic,Breeding,"KO of DAT gene in mice and metamphetamine, modafinil and caffeine","Significantly increased wakefulness due to wake bout duration , while NREM sleep duration and bout length were reduced","16,72 %","-17,29 %","-18,25 %",24,Mice,DAT-/-,N/D,Adult,NREM,3-6 months,No,No,hyperactivity in novel environments. no response to amphetamine and modafinil. Hypersensitive to caffeine,"Wisor, J (2001)",Wisor,2001,https://www.jneurosci.org/content/21/5/1787,
Brainstem,Pons,PPT,Chemogenetic,hM3Dq,activation of the glutamatergic PPT neurons ,Hm3 markedly increases wake for ~7 hours,"55,30 %",,,6,Mice,vGluT2-Cre,Male,Adult,Both,"8-10 weeks, 25-30g",mild anxiety,"Less eating and exploring, run more on wheels",,"Kroeger, D (2017)",Kroeger,2017,https://www.jneurosci.org/content/37/5/1352.abstract,
Brainstem,Pons,PPT,Chemogenetic,hM3Dq,activation of the GABAergic PPT neurons,Hm3 mildly reduce REM sleep and shortens latency to sleep onset,,,"-1,60 %",6,Mice,vGAT-Cre,Male,Adult,Both,"8-10 weeks, 25-30g",No,No,,"Kroeger, D (2017)",Kroeger,2017,https://www.jneurosci.org/content/37/5/1352.abstract,
Forebrain,Hypothalamus,LH,Pharmacologic,Orexin,"Injection of orexin-A in WT, OX1R KO, OX2R KO and OX1R:OX2R KO mice","increases wake and suppresses REM for several hours. Activation of OX2R more than OX1R for wake, but OX1R for REM. No response for mice with KO of both receptors",,,,,Mice,"C57BL/6J, OX1R?/?, OX2R?/?, and OX1R?/?;OX2R?/?",,Adult,Both,20 weeks,No,No,,"Mieda, M (2011)",Mieda,2011,https://www.jneurosci.org/content/31/17/6518,
Forebrain,Hypothalamus,LH,Optogenetics,ChR2,Activation of orexin neurons,"awakens mice from REM and SWS sleep. Reduces latency, in a frequency-dependent matter, from NREM and REM sleep to wake.","9,99 %","2,47 %","-46,04 %",6,Mice,Hcrt::EGFP,,,Both,5-6 weeks,No,No,,"Adamantis, C. (2007)",Adamantis,2007,https://www.nature.com/articles/nature06310,
Forebrain,Hypothalamus,LH,Chemogenetic,hM3Dq,Activation of hM3Dq orexin neurons,increases wake and strongly suppresses REM sleep during light period,"58,68 %","-41,81 %","-92,84 %",1,Mice,Orexin-cre,,Adult,REM,10-12 weeks,No,No,,"Sasaki, K (2011)",Sasaki,2011,https://journals.plos.org/plosone/article?id=10.1371/journal.pone.0020360,
Forebrain,Hypothalamus,LH,Optogenetics,ChETA,Activation of GABAergic LH neurons innervating TRN,Activation during NREM sleep rapidly wakes mice from NREM sleep. Semi-chronic stimulation increased number of arousal transitions and total wakefulness.,,,,,Mice,Tg(VGAT)?IRES-Cre transgenic,Male,Adult,NREM,6 weeks,No,No,,"Herrera, C (2016)",Herrera,2016,https://www.nature.com/articles/nn.4209,
Forebrain,Thalamus,TRN,Optogenetics,ArchT,Silencing of TRN neurons,Silencing during NREM sleep rapidly wakes mice from NREM sleep.,,,,,Mice,Tg(VGAT)?IRES-Cre transgenic,Male,Adult,NREM,6 weeks,No,No,,"Herrera, C (2016)",Herrera,2016,https://www.nature.com/articles/nn.4210,
Brainstem,Medulla,PZ,Lesion,Permanent,Lesion of GABA/glycinergic transmission into the PZ with saporin,"Increase wakefulness (+50%) and wake bouts at expense of NREM (SWS) amount and bouts, insomnia","50,48 %","-38,92 %",,24,Rats,Sprague Dawley,Male,Adult,NREM,"Adult, 275-300g",No,No,,"Anaclet, C (2012)",Anaclet,2012,https://www.jneurosci.org/content/32/50/17970,
Brainstem,Medulla,PZ,Genetic,Gene casette,Genetical disruption of PZ GABA neurons,"Increase wakefulness (+40%) at expense of NREM and REM. Change in NREM due to sleep bouts, indicating deficit in sleep initiation","42,05 %","-32,98 %","-45,94 %",24,Mice,Vgat lox/lox,Male,Adult,Both,"10-12 weeks, 20-25g",No,No,,"Anaclet, C (2012)",Anaclet,2012,https://www.jneurosci.org/content/32/50/17971,
Brainstem,Medulla,PZ,Chemogenetic,hM4Di,Chemogenetic inhibition of PZ GABAergic neurons,Strongly decrease NREM (SWS),,,"-35,98 %",24,Mice,"Vgat-IRES-cre, Vgat–ires–Cre, lox–GFP",,Adult,REM,"8-12 weeks, 20-25g",No,No,CNO-induced SWS at expense of both wake and REM,"Anaclet, C (2014)",Anaclet,2014,https://www.nature.com/articles/nn.3790,
Forebrain,Cortex,Cortex,Genetic,Breeding,Cortical neurons lacking nNOS,"shorter NREM sleep bouts, less total NREM sleep, and a blunted homeostatic response to sleep deprivation",,,,,Mice,B6;129S4-Nos1tm1 Plh/nNOS-/-,Male,Adult,NREM,Adult? Unspecified.,No,No,greater delta power during wakefulness and decreased delta power during NREM sleep.,"Morairty, S (2013)",Morairty,2013,https://www.pnas.org/doi/full/10.1073/pnas.1314762110,
Forebrain,Hypothalamus,LH,Pharmacologic,Orexin,ICV Injection with Orexin A,"Increased arousal, significantly decreased REM","157,46 %","-21,07 %","-67,80 %",2,Rats,Sprague-Dawley,Male,Adult,Both,"Adult, 250-300g",corticosterone+intense grooming,Increased locomotion,dose-dependent decrease in plasma growth hormone levels. High dose (30µg) increase dopamine turnover,"Hagan, JJ (1999)",Hagan,1999,https://www.pnas.org/doi/10.1073/pnas.96.19.10911,
Brainstem,Pons,LC,Pharmacologic,Orexin,ICV Injection with Orexin A,Dose-dependant increase in wake 2-3 hours after. Marked reduction in REM and deep SWS. REM latency prolonged,"211,60 %","-23,20 %","-86,90 %",2,Rats,Hooded lister,Male,Adult,Both,"Adult, 200-250g",,,,"Piper, D. C. (2000)",Piper,2000,https://pubmed.ncbi.nlm.nih.gov/10712652/,
Forebrain,Hypothalamus,LH,Pharmacologic,Orexin,ICV infusion of orexin-A,Substantial increase in wakefulness and significant decrease in both NREM and REM sleep.,"228,60 %","-88,00 %","-96,20 %",5,Rats,Sprague-Dawley,Male,Adult,Both,"Adult, 330-360g",,,,"Akanmu, M. A. (2005)",Akanmu,2005,https://pubmed.ncbi.nlm.nih.gov/15919057/,
Forebrain,Hypothalamus,LH,Pharmacologic,Orexin,ICV infusion of [Ala11]orexin-B (agonist),Dose-dependent increase in wakefulness and decrease in NREM and REM sleep. [Ala11]orexin-B was more potent than orexin-B.,"146,20 %","-58,24 %","-84,04 %",5,Rats,Sprague-Dawley,Male,Adult,Both,"Adult, 330-360g",,,Sig. NREM decrease at 10 and 40 nmol of orex-b agonist. REM totally suppressed 2nd hour,"Akanmu, M. A. (2005)",Akanmu,2005,https://pubmed.ncbi.nlm.nih.gov/15919057/,
Forebrain,Hypothalamus,LH,Pharmacologic,Orexin,ICV infusion of orexin-B,Dose-dependent increase in wakefulness and decrease in NREM and REM sleep,"72,00 %","-36,90 %","-74,50 %",5,Rats,Sprague-Dawley,Male,Adult,Both,"Adult, 330-360g",,,,"Akanmu, M. A. (2005)",Akanmu,2005,https://pubmed.ncbi.nlm.nih.gov/15919057/,
Brainstem,Pons,LC,Lesion,Temporary,Injections of orexin-A/hcrt1 in LC,"Suppressed REM sleep (dose-dep.), increased wakefulness at expense of deep SWS","64,93 %","-26,77 %","-94,89 %",5,Rats,Sprague-Dawley,Male,Adult,Both,"Adult, 250-300g",,,Injection of hcrt1 induced overexpression of c-fos in LC. hcrt2 (orex-b) not found in LC,"Bourgin, P. (2000)",Bourgin,2000,https://www.jneurosci.org/content/20/20/7760?ijkey=c73224f04252cdfca31d14057035aa0872430d4a&keytype2=tf_ipsecsha,
Forebrain,Basal Ganglia,Striatum,Lesion,Permanent,Striatial excitotoxic lesion ,Increased wakefulness at 30 days post-lesion at expense of SWS duration. Increase in W bouts and SWS bouts duration.,,,,,Rats,Sprague-Dawley,Male,Adult,NREM,"Adult, 300g at avarage",,Increased locomotion,Sleep disturbances occur during light phase. Not strong significance in results,"Mena-Segovia, J. (2002)",Mena-Segovia,2002,https://www.sciencedirect.com/science/article/pii/S0166432802002012?pes=vor,
,,,Pharmacologic,Corticosterone,Subcutanous injections of corticosterone (2mg in 0.01 ml oil),initial enhancement of wakefulness and a reduction in slow-wave sleep within the first hour and lasted until hour 3,"23,03 %","-17,17 %","-22,23 %",24,Rats,Wistar,Male,Adult,NREM,"Adult, 350-500g",Corticosterone,,Sig. increase in deep SWS and REM latencies.,"Vázquez-Palacios, G (2001)",Vázquez-Palacios,2001,https://pubmed.ncbi.nlm.nih.gov/11701201/,
Forebrain,Hypothalamus,LC,Pharmacologic,Corticosterone,Repeated corticosterone injections,7 days sign. decreased NREM sleep. 21 days shortened REM sleep latency.,,,,,Rats,Wistar,Male,Adult,Both,Adult? Unspecified.,14+21d: depression symptoms,Not significant,"7d: TH levels increased and GR expressopm decreased. 14+21d: enhanced REM, decreased TH+GR, FKBP51 expression increased","Cui, X. (2018)",Cui,2018,https://www.sciencedirect.com/science/article/abs/pii/S0304394018304208?via%3Dihub,
,,,Pharmacologic,PCPA,"Injections with PCPA and sleeping in different temperatures(20,30,32)",REM sleep and bout decreased after injection. SWS sleep and bout length decreased. W->SWS decreased. SWS->R increased,,,,,Rats,Long-evans hooded,Male,Adult,Both,"Adult, 300-500g",,,bodytemp -2.3degrees after PCPA injection at 20 degrees.,Li and Satinoff (1992),Li and Satinoff,1992,https://pubmed.ncbi.nlm.nih.gov/1535266/,
Forebrain,Hypothalamus,LH,Pharmacologic,Cocaine,"Acute cocaine through IP of three doses (3.6, 9.6, 18 mg/kg)","Dose-dep increased waking, especially first hour, and increase of EEG activity while awake. Increased sleep latency.","75,10 %",,,1,Mice,C57BL/6 mice,Male,Adult,Both,"Adult, unspecified",,,"Changes in waking time due to episode durtion, SWS and REM due to episode duration and number",Bjorness and Greene (2018),Bjorness + Greene,2018,https://pubmed.ncbi.nlm.nih.gov/31236515/,
Forebrain,Hypothalamus,LH,Pharmacologic,Cocaine,Repeated cocaine use for 13 days,"Increased waking, decreased SWS and REM during injection period. SWS and SWA dropped. Sleep latency and REM latency increased. ",,,"-11,87 %",24,Mice,C57BL/6 mice,Male,Adult,Both,"Adult, unspecified",,"Not measured, but low food intake","Increase in gamma spectral energy, high EEG activity. Decrease in waking and increase in sleep during early and middle DP","Bjorness, T (2022)",Bjorness,2022,https://pubmed.ncbi.nlm.nih.gov/35812231/,
Forebrain,Hypothalamus,LH,Pharmacologic,Cocaine,Cocaine abstinence after chronic cocaine use,Increase in arousal for about 2 weeks. Increase in gamma energy Sleep latency increased. ,,,,,Mice,C57BL/6 mice,Male,Adult,Both,"Adult, unspecified",,,SWS SWE and W SWA remained elevated during early portion and increase in SWS during latter portion. Reduction in waking during early and middle DP,"Bjorness, T (2022)",Bjorness,2022,https://pubmed.ncbi.nlm.nih.gov/35812231/,
Forebrain,Cortex,Cortex,Genetic,CRISPR,Heterozygous amino acid substitution at S246 to alanine in Hdac4,"Decreased NREMS time, shorter NREMS episode duration and lower NREMS delta power",,"12,42 %",,24,Mice,Hdac4S246A/+,Male,Adult,NREM,"Adult, 11-14 weeks",,,NREMS delta power decreased at baseline and after sleep deprivation,"Kim, S. J. (2022)",Kim,2022,https://pubmed.ncbi.nlm.nih.gov/36477539/,
Forebrain,Cortex,Cortex,Genetic,CRISPR,Heterozygous alanine substitution at Thr221 in Sik3 gene,"Mildly decreased NREM sleep delta power, indicating impaired sleep depth",,"-12,20 %",,24,Mice,Sik3T221A/+,Male,Adult,NREM,"Adult, 11-14 weeks",,,,"Kim, S. J. (2022)",Kim,2022,https://pubmed.ncbi.nlm.nih.gov/36477539/,
Forebrain,Cortex,Cortex,Genetic,Gene casette,Deletion of Sik3 in vglut2-positive neurons,"Increase wake time, decreased NREM time and delta power at baseline and after SD.","7,24 %","-7,34 %","-9,85 %",24,Mice,Vglut2cre;Sik3?flox/flox,Male,Adult,Both,"Embryo to Adult, 11-14 weeks",,,Decreased sleep need? (Decreased Td/Ti ratio),"Kim, S. J. (2022)",Kim,2022,https://pubmed.ncbi.nlm.nih.gov/36477539/,
Forebrain,Cortex,Cortex,Genetic,Gene casette,Deletion of Sik3 in vglut1-positive neurons,"milder than vglut2, but similar","11,53 %","-10,27 %","-0,28 %",24,Mice,Vglut1cre;Sik3?flox/flox,Male,Adult,NREM,"Embryo to Adult, 11-14 weeks",,,Decreased sleep need? (Decreased Td/Ti ratio),"Kim, S. J. (2022)",Kim,2022,https://pubmed.ncbi.nlm.nih.gov/36477539/,
Forebrain,Cortex,Cortex,Genetic,Gene casette,Deletion of Sik3 in vgat-positive neurons,Decrease in total REM sleep time,,"-3,53 %","-11,98 %",24,Mice,Vgatcre;Sik3?flox/flox,Male,Adult,REM,"Embryo to Adult, 11-14 weeks",,,,"Kim, S. J. (2022)",Kim,2022,https://pubmed.ncbi.nlm.nih.gov/36477539/,
Brainstem,Midbrain,vIPAG,Optogenetics,ChR2,Activation of dDpMe/vIPAG GABAergic neurons,Suppressed REM sleep and promoted NREM sleep. During wakefulness/NREM;prolonged NREMS and enhanced wake-to-NREM transitions,,"93,50 %",,<1,Mice,GAD2-IRES-Cre,Male,Adult,Both,"Adult, 25 +/- 3g",,,Duration of wake after REM suppression decreased by 60.5% and NREM increased by 82.43%,"Chen, Z. K (2022)",Chen,2022,https://pubmed.ncbi.nlm.nih.gov/36280664/,
Brainstem,Midbrain,vIPAG,Optogenetics,eNpHR,Inhibition of dDpMe/vIPAG GABAergic neurons,Induction of REM and decrease in NREM. Probability of NREM-REM 61.1%. REM sleep and wake durations were sig. increased after,"79,66 %",,"65,12 %",<1,Mice,GAD2-IRES-Cre,Male,Adult,REM,"Adult, 25 +/- 3g",,,,"Chen, Z. K (2022)",Chen,2022,https://pubmed.ncbi.nlm.nih.gov/36280664/,
,,,Genetic,CRISPR (triple),Global KO of Kcnn2 and Kcnn3,"Kcnn2/3 KO sleep duration decreased (approx. -2,2h and approx. -1.85h). Awake state stabilization. Kcnn2 sig. decrease NREM","17,57 %",,,24,Mice,Kcnn2-/- and Kcnn3-/-,N/D,Adult,NREM,From Embryo,,,Shorter sleep most of the day. Lower transition prob. from wake-sleep. Kcnn2 showed change in regulation of sleep,"Tatsuki, F. (2016)",Tatsuki,2016,https://pubmed.ncbi.nlm.nih.gov/26996081/,
,,,Genetic,CRISPR (triple),Global KO of Cacna1g and Cacna1h,"Significant decrease in sleep duration (approx- 1,4h and -1.5h resp), short-sleeper phenotype (SD?)","11,97 %",,,24,Mice,Cacna1g-/- and Casna1h-/-,N/D,Adult,NREM,From Embryo,,,,"Tatsuki, F. (2016)",Tatsuki,2016,https://pubmed.ncbi.nlm.nih.gov/26996081/,
,,,Genetic,CRISPR (triple),Global KO of Camk2a and Camk2b,Significant decrease in sleep duration (approx- 0.9h and -2.0h resp).,"6,44 %",,,24,Mice,Camk2a-/- and Camk2b-/-,N/D,Adult,NREM,From Embryo,,,Camk2b KO less likely to transition from wake-sleep and sleep-wake. ,"Tatsuki, F. (2016)",Tatsuki,2016,https://pubmed.ncbi.nlm.nih.gov/26996081/,
Forebrain,Cortex,Cortex,Pharmacologic,Receptor antagonist,IP injection of PCP and MK-801 (NMDARs antagonists),Decreased sleep duration. MK-801 sign. decrease of NREM sleep duration. Short-sleeper phenotype (SD?),,,,,Mice,C57BL/6N and C57BL/6J,Male,Adult,NREM,"Adult, 6-8 weeks",,,,"Tatsuki, F. (2016)",Tatsuki,2016,https://pubmed.ncbi.nlm.nih.gov/26996081/,
,,,Genetic,CRISPR (triple),Global KO of Nr3a gene,"Decreased sleep duration (approx. -1,55h). Wakefulness stabilized due to decreased transitions from awake to sleep states. ","13,14%",,,24,Mice,Nr3a-/-,N/D,Adult,Both,Embryo. Sleepscoring from 6-7 weeks,,,"adult Nr3a KO mice were reported to have increased pain sensation and enhanced abilities in learning and memory tasks (Mohamad et al., 2013). ","Sunagawa, G. (2016)",Sunagawa,2016,https://pubmed.ncbi.nlm.nih.gov/26774482/,
Forebrain,Cortex,Cortex,Genetic,Gene casette,Whole body deletion of Erk1,Significantly increased duration of wakefulness in both,,,,,Mice,Erk1-/-,,Adult,Both,"Adult, 9-10 weeks",,,"After SD, wakefuless was increased and NREM decreased","Mikhail, C (2017)",Mikhail,2017,https://pubmed.ncbi.nlm.nih.gov/28119463/,
Forebrain,Cortex,Cortex,Genetic,Gene casette,neuro-specific deletion of Erk2,Significantly increased duration of wakefulness and significant decrease in  NREM sleep.,,,,,Mice,Conditional Erk2-/-,,Adult,NREM,"Adult, 9-10 weeks",,,"After SD, wakefuless was increased and NREM decreased","Mikhail, C (2017)",Mikhail,2017,https://pubmed.ncbi.nlm.nih.gov/28119463/,
Forebrain,Cortex,Cortex,Lesion,Temporary,Inhibition of ERK phosphorylation,"Increased wakefulness bout duration (mainly DP), +100min. Sig. decreased NREM, -100min. REM decreased. Sleep halved.",,,,,Mice,C57BL/6J,,Adult,NREM,"Adult, 9-10 weeks",,"Increased locomotion, twofold+","After SD, NREM decreased by 1h. Phosphorylation reduced by 29.30% total, ERK2 by 37.85%. Delta power increased","Mikhail, C (2017)",Mikhail,2017,https://pubmed.ncbi.nlm.nih.gov/28119463/,
Forebrain,Hypothalamus,TMN,Pharmacologic,Orexin,Selective activation (AL-OXB) of OXR2 in orexin KO mice by ICV,Increased wake time and bout duration. Reduced wake-NREM sleep transition frequency. Did not induce reward pathway in comparison to orexin-A.,"4,71 %","-1,25 %","-24,15 %",12,Mice,Hcrt?/?,Male,Adult,NREM,"Adult, 8-16 weeks",Stress during continous,,"Ameloriate narcolepsy symptoms. Continious ICV injection make it last for 12h, decrease during dark phase. Didn't trigger reward pathways, less chance of addiction.","Yamamoto, H. (2022)",Yamamoto,2022,https://pubmed.ncbi.nlm.nih.gov/35867683/,
Brainstem,Pons,LC,Pharmacologic,Orexin,Activation of orexin neurons using orexin-A in orexin KO mice,"Increased wake time and wake bout duration 3h after injection, reduced wake-NREM transition frequency. REM also suppressed (not sig)","12,28 %","-6,31 %","-29,42 %",12,Mice,Hcrt?/?,Male,Adult,NREM,"Adult, 8-16 weeks",Stress during continous,,"Ameloriate narcolepsy symptoms. Continious ICV injection make it last for 12h, decrease during dark phase. Did trigger reward pathways - more chance of addiction","Yamamoto, H. (2022)",Yamamoto,2022,https://pubmed.ncbi.nlm.nih.gov/35867683/,
Forebrain,Hypothalamus,PVH,Optogenetics (Cre),SSFO,Activation of PVH arginine vasopressin neurons (SSFO),"Immediate wakefulness from both NREM+REM, last 20-30min. Induced transitions to wake from NREM+REM.",,,,,Mice,Hemizygous Avp-Cre,Male,Adult,Both,"Adult, 12-28 weeks. 19-36g at surgery",Self-grooming during induced,,SSFO high specificity and efficency. Some leaked expression of SSFO to neighbouring nuclei,"Islam, M. T. (2022)",Islam,2022,https://pubmed.ncbi.nlm.nih.gov/35907397/,
Forebrain,Hypothalamus,PVH,Chemogenetic (Cre),hM3Dq,Activation of PVH arginine vasopressin neurons,"Increased time spent in wakefulness (+148,3%) and reduced NREM+REM (-45.9% and -59.2%)","148,30 %","-45,90 %","-59,20 %",2,Mice,Hemizygous Avp-Cre,Male,Adult,Both,"Adult, 12-28 weeks. 19-36g at surgery",,,Sleep quality not changed after activation. Lasted for approx 7h. Activation ncreased number of c-fos-pos LHox,"Islam, M. T. (2022)",Islam,2022,https://pubmed.ncbi.nlm.nih.gov/35907397/,
Forebrain,Hypothalamus,LH,Optogenetics,SSFO,Activation of PVH AVP projection neuronal fibers in LH,Induced awakefulness for ~25min. Rapidly induced transitions to wakefulness from both NREM+REM,,,,,Mice,Hemizygous Avp-Cre,Male,Adult,Both,"Adult, 12-28 weeks. 19-36g at surgery",,,Orexin receptor antagonist suvorexant during activation drastically shortened duration of induced wake,"Islam, M. T. (2022)",Islam,2022,https://pubmed.ncbi.nlm.nih.gov/35907397/,
Forebrain,Hypothalamus,PVH,Pharmacologic (Cre),Receptor agonist,Administration of melanotan-II (melanocortin receptor agonist),"Significantly increased wakefulness and reduced NREM+REM(-44.7 and -86.1%). During 3h, wake increased +164.1%","164,10 %","-44,70 %","-86,80 %",3,Mice,Avp-Cre;Ai14,Male,Adult,Both,"Adult, 12-28 weeks. 19-36g at surgery",,,Sleep quality not altered after administration.,"Islam, M. T. (2022)",Islam,2022,https://pubmed.ncbi.nlm.nih.gov/35907397/,
Brainstem,Pons,LC,Genetic,Gene casette,Tfa2b+/- mice,"Female show increased wakefulness and NREM sleep decreased, mainly during DP",,,,,Mice,Tfap2b+/-,Both,Adult,NREM,"Recording from 10-13 weeks, adult",,,Decreased delta power during NREM sleep. Male exhibited a slight increase in EEG power during NREM.,"Nakai, A. (2020)",Nakai,2020,https://pubmed.ncbi.nlm.nih.gov/32878901/,
Brainstem,Pons,LC,Genetic,CRISPR,Generate Tfap2b mutant mouse strain,K114/K144 male reduced NREMS time (esp DP) and episode of wake was significantly increased,,,,,Mice,Tfap2bK144/+,Male,Adult,NREM,"Recording from 10-13 weeks, adult",,,,"Nakai, A. (2020)",Nakai,2020,https://pubmed.ncbi.nlm.nih.gov/32878901/,
Brainstem,Pons,LC,Genetic,CRISPR,Generate Tfap2b mutant mouse strain,"K145/+ female episode number incr. and duration decr, of NREM during LP. Episode numbers of wake and REM also increased.",,,,,Mice,Tfap2bK145/+,Female,Adult,NREM,"Recording from 10-13 weeks, adult",,,,"Nakai, A. (2020)",Nakai,2020,https://pubmed.ncbi.nlm.nih.gov/32878901/,
Brainstem,Pons,LC,Genetic,Gene casette,Tfap2b deleted in nervous system during development,"Increased wakefulness and decreased NREM sleep (episode number, esp LP). Circadian rytm deficits",,,,,Mice,Tfap2B cKD (Nes-Cre; Tfap2bflox/flox),Male,Adult,NREM,"Adult, 10-13 weeks for analysis",,lower BW,Increase in EEG power during wakefulness,"Nakai, A. (2024)",Nakai,2024,https://pubmed.ncbi.nlm.nih.gov/38413970/,
Forebrain,Hypothalamus,PVH,Genetic,Gene casette,Tfap2b deleted postnatally by administrating tamoxifen,"Decreased NREM sleep and increased wakefulness, esp during DP.",,,,,Mice,Syn1CreERT2;Tfap2bflox/flox,Male,Postnatal,NREM,"Postnatal, P14-P21",,,Exhibit normal response to SD,"Nakai, A. (2024)",Nakai,2024,https://pubmed.ncbi.nlm.nih.gov/38413970/,
Brainstem,Pons,DRN,Lesion,Permanent,central 5-HT neuron ablation in mice using diphteria toxin + receptors,"Decreased REM duration (-24.7%), fewer transitions from NREM-REM (-34.7%). Attenuated wake respnse to novel environment",,,"-24,70 %",24,Mice,Pet1Cre/+; Rosa-DTR-tdTomato,Male,Adult,REM,"Adult, 2.7-5.5 months",,Reduced BW,Increased theta power during wake. Decreased NREM sleep episode duration during DP.,"Iwasaki, K. (2018)",Iwasaki,2018,https://pubmed.ncbi.nlm.nih.gov/30131671/,
Forebrain,Cortex,Cortex,Genetic - CRISPR (disclaimer),CRISPR,Specific mutations at S551 site in SIK3 gene (S551A/D),"Increased sleep need; increased NREMS amount and longer episodes, reduced wake. Hypersomnia, sleepy during day",,,,,Mice,Sik3S551A/+ and Sik3S551D/+,Male,Adult,NREM,"Adult, unspecified",,,"Elevated delta power during NREMS. S551A also a little less REM, increased low-frequency during wake","Honda, T (2018)",Honda,2018,https://pubmed.ncbi.nlm.nih.gov/30254177/,
Brainstem,,,Genetic,Breeding,GLUT1 deficency syndrome mouse model using ENU i.p.,"Longer wake times, shorter NREMS time.","4,15 %","-1,45 %","-18,26 %",24,Mice,Glut1Rgsc200+/-,Male,Adult,NREM,"Adult, 8-16 weeks",Contextual learning deficits,"Reduced BW, glucose transport reduced, glucose metabolism increased, increased locomotion","Homozygous are embryonic lethal. Decreased CBS fluid glucose value, convulsize seizures","Furose, T. (2019)",Furose,2019,https://pubmed.ncbi.nlm.nih.gov/31399478/,
Brainstem,Midbrain,IP,Genetic,Breeding,Loss of Gscl gene homologous recombinition using ES cells,Reduced REMS time and fewer REMS episodes. REM sleep latency increased. Slight increase in total NREM. Less NREM-REM transitions,"-4,45 %","8,89 %","-23,40 %",24,Mice,Gscl-/-,Male,Adult,REM,"Adult, 14-16 weeks",No,,Also lacked expression of Dgcr14 in IP. Reduced theta power during REMS and increased arousability during REMS. Reduced REMS rebound,"Funato, H. (2010)",Funato,2010,https://pubmed.ncbi.nlm.nih.gov/20921407/,
Forebrain,Hypothalamus,SCN,Genetic,Gene casette,Knock-out of MEf2D gene,"Altered circadian rythm, with the sleep-cycle happened later during the day. . Fragmented sleep, sig. shorter REM latency. More transitions wake<->NREM.",,,,,Mice,Mef2d-/-,Male,Adult,Both,"Adult, 8-12 weeks",No,Fragmented activity on wheel,delayed activity onset (~25min) than WT and longer free-running period during dark(+40min). Also fragmented activity in comparison to WT. Clock gene expression normal.,"Mohawk, J. (2019)",Mohawk,2019,https://pubmed.ncbi.nlm.nih.gov/31420455/,
Forebrain,Hypothalamus,LH,Genetic,HR,Overexpression of orexin in transgenic mice line,Fragmentation+reduced REM duration and latency.NREM decrease. Increase wake. incomplete REM sleep atonia,,,,,Mice,CAG/orexin transgenic,Both,Adult,Both,4 weeks??,,,,"Willie, J. (2011)",Willie,2011,https://pubmed.ncbi.nlm.nih.gov/20711757/,
Forebrain,Basal Forebrain,LS,Chemogenetic,hM4Di,Inhibiting LS GABAergic neurons (bipolar disorder mouse model),Reduced sleep and heightened arousal. ,,,,,Mice,VGaT-IRES-Cre,Male,Adult,Both,"Adult, 8 weeks",less anxiety,Increased locomotion,Increased irritable behaviour.,"Zhou, Y. (2025)",Zhou,2025,https://pubmed.ncbi.nlm.nih.gov/41107226/,
Forebrain,Basal Forebrain,LS,Lesion,Permanent,Ablation of LS GABAergic neurons using casp3,"Significant  increase in arousal and reduction in sleep. Sig. increase in wake and NREM episodes, while REM episodes decreased. Increase in NREM to wake and wake to NREM transition.",,,,,Mice,VGaT-IRES-Cre,Male,Adult,Both,"Adult, 8 weeks",less anxiety,Increased locomotion,Took longer to enter NREM after 6 hours of SD. Increased irritable behaviour.,"Zhou, Y. (2025)",Zhou,2025,https://pubmed.ncbi.nlm.nih.gov/41107226/,
Forebrain,Cortex,mPFC,Chemogenetic,hM3Dq,Activation of excitatory neurons in mPFC,Increased wakefulness duration.,,,,,Mice,Cam2ka-Cre,Male,Adult,Both,"Adult, p70-p120",,,,"Honjoh, S. (2025)",Honjoh,2025,https://pubmed.ncbi.nlm.nih.gov/41109628/,
,,,Mechanical,Behavioural,6 hour sleep deprivation by introducing novel objects and cage change,"Increased wakefulness. Increased gamma and theta frequency in EEG, delta reduced. Cortical activation.",,,,,Mice,N/D,Male,Adult,Both,"Adult, p70-p120",,Increased locomotion,Increased sleep pressure.,"Honjoh, S. (2025)",Honjoh,2025,https://pubmed.ncbi.nlm.nih.gov/41109628/,
Brainstem,Pons,Astrocytes,Chemogenetic,hM3Dq,Activation of astrocytes in the pons,"Strongly suppressed REM sleeep due to increased episode numbers. Increased NREM sleep due to increased duration. Decreased transitions from wake to NREM, NREM to REM and REM to wake.",,,,,Mice,GFAP-Cre,Male,Adult,REM,"Adult, 3-6 months",,,Increased delta waves,"Kurogi, Y. (2025)",Kurogi,2024,https://pubmed.ncbi.nlm.nih.gov/39717113/,
Forebrain,Cortex,mPFC,Optogenetic,ChR2,Activation of cortical neurons during NREM and REM sleep,Always woke mice up from NREM and REM sleep. REM needed more light stimulation.,,,,,Mice,CamK2alfaChR2,Both,Adult,Both,"Adult, >P56",,,,"Mao, R. (2024)",Mao,2024,https://pubmed.ncbi.nlm.nih.gov/38812551/,
Forebrain,Cortex,PtA,Optogenetic,ChR2,Activation of cortical neurons during NREM and REM sleep,Always woke mice up from NREM and REM sleep. REM needed more light stimulation. More effective in PtA (less light stimulation needed),,,,,Mice,CamK2alfaChR2,Both,Adult,Both,"Adult, >P56",,,,"Mao, R. (2024)",Mao,2024,https://pubmed.ncbi.nlm.nih.gov/38812551/,
